{
	"es_result_size": "45",
 	"z_score_threshold": "2.99449986282",
 	"good_description" : "1.87959401211",
 	"boost_labels" : ["standard_fields"],
    "boost_vectors" :  {
        "address_extended":  [1.24092497169],
        "address": [0.435257197422],
        "region": [1.65965387615],
        "po_box": [1.20505912172],
        "raw_score_threshold": [0.999018312643],
        "chain_name": [1.07215840333],
        "post_town": [0.469337481112],
        "neighborhood": [0.916776449001],
        "postcode": [0.898428790832],
        "tel": [0.643553234078],
        "internal_store_number": [1.90064206613],
        "name": [2.8302028516],
        "email": [0.388050410775],
        "admin_region": [0.768857866621],
        "category_labels": [1.29327003712],
        "good_description": [1.87959401211],
        "z_score_threshold": [2.99449986282],
        "locality": [1.45424498872]
    }
}